{
  "hash": "fdfa5425",
  "configHash": "d2812b2a",
  "lockfileHash": "b85ee3fc",
  "browserHash": "34a5f857",
  "optimized": {
    "@angular/common": {
      "src": "../../../../../node_modules/@angular/common/fesm2022/common.mjs",
      "file": "@angular_common.js",
      "fileHash": "1f8432e8",
      "needsInterop": false
    },
    "@angular/common/http": {
      "src": "../../../../../node_modules/@angular/common/fesm2022/http.mjs",
      "file": "@angular_common_http.js",
      "fileHash": "9c323912",
      "needsInterop": false
    },
    "@angular/core": {
      "src": "../../../../../node_modules/@angular/core/fesm2022/core.mjs",
      "file": "@angular_core.js",
      "fileHash": "8aff5a4b",
      "needsInterop": false
    },
    "@angular/forms": {
      "src": "../../../../../node_modules/@angular/forms/fesm2022/forms.mjs",
      "file": "@angular_forms.js",
      "fileHash": "b45191ff",
      "needsInterop": false
    },
    "@angular/platform-browser": {
      "src": "../../../../../node_modules/@angular/platform-browser/fesm2022/platform-browser.mjs",
      "file": "@angular_platform-browser.js",
      "fileHash": "d6838bdd",
      "needsInterop": false
    },
    "@angular/router": {
      "src": "../../../../../node_modules/@angular/router/fesm2022/router.mjs",
      "file": "@angular_router.js",
      "fileHash": "4757344e",
      "needsInterop": false
    },
    "primeng/paginator": {
      "src": "../../../../../node_modules/primeng/fesm2022/primeng-paginator.mjs",
      "file": "primeng_paginator.js",
      "fileHash": "dfedfd33",
      "needsInterop": false
    },
    "primeng/rating": {
      "src": "../../../../../node_modules/primeng/fesm2022/primeng-rating.mjs",
      "file": "primeng_rating.js",
      "fileHash": "ddda5dab",
      "needsInterop": false
    },
    "@angular/platform-browser/animations": {
      "src": "../../../../../node_modules/@angular/platform-browser/fesm2022/animations.mjs",
      "file": "@angular_platform-browser_animations.js",
      "fileHash": "d538aecd",
      "needsInterop": false
    }
  },
  "chunks": {
    "chunk-EF6WSTAD": {
      "file": "chunk-EF6WSTAD.js"
    },
    "chunk-56NE65C6": {
      "file": "chunk-56NE65C6.js"
    },
    "chunk-X46MUWN2": {
      "file": "chunk-X46MUWN2.js"
    },
    "chunk-I5KCAP2K": {
      "file": "chunk-I5KCAP2K.js"
    },
    "chunk-Y6YAI5GD": {
      "file": "chunk-Y6YAI5GD.js"
    },
    "chunk-YB7WXP4O": {
      "file": "chunk-YB7WXP4O.js"
    },
    "chunk-5YL2E2YL": {
      "file": "chunk-5YL2E2YL.js"
    }
  }
}